condition,retained_pair,mean_delta_logp_vs_dense,median_delta_logp_vs_dense,delta_logp_ci95_low,delta_logp_ci95_high,mean_delta_answer_margin_vs_dense,median_delta_answer_margin_vs_dense,delta_margin_ci95_low,delta_margin_ci95_high,accuracy,catastrophic_degradation_rate_below_minus_0_5,rank_across_fixed_pairs
handoff_mean,0_1,0.016674547058944535,0.1684156777502548,-0.3212654050720409,0.2850348545995718,0.18333333333333332,0.375,-0.23333333333333334,0.5666666666666667,0.2,0.13333333333333333,4
handoff_mean,0_2,0.018915377779221882,-0.053260567430128414,-0.1513395991135712,0.20165996456326718,0.175,0.125,-0.041666666666666664,0.43333333333333335,0.26666666666666666,0.06666666666666667,3
handoff_mean,0_3,-0.0022824757666404386,0.1319530004493048,-0.3185122846875704,0.2762891960915303,0.16666666666666666,0.25,-0.15833333333333333,0.49166666666666664,0.26666666666666666,0.13333333333333333,5
handoff_mean,1_2,0.10458998687780784,-0.018519767196421594,-0.02096657973189937,0.24923408543960693,0.20833333333333334,0.125,0.058333333333333334,0.38333333333333336,0.26666666666666666,0.0,2
handoff_mean,1_3,0.14959486217807735,0.1786077872445695,0.04027687397225471,0.24341510574916417,0.325,0.375,0.14166666666666666,0.49166666666666664,0.26666666666666666,0.0,1
handoff_mean,2_3,-0.1392454618479655,-0.036432250450038506,-0.4849468930229918,0.17457715271048843,-0.058333333333333334,0.125,-0.4166666666666667,0.31666666666666665,0.2,0.13333333333333333,6
hard_evict,0_1,-0.01576244133262185,0.14822602215398684,-0.3531595996669492,0.24857457049197065,0.14166666666666666,0.375,-0.275,0.5083333333333333,0.2,0.13333333333333333,5
hard_evict,0_2,0.025159128779076334,-0.0295790681662913,-0.1390689990484384,0.2068243157995648,0.19166666666666668,0.125,-0.03333333333333333,0.45,0.2,0.06666666666666667,3
hard_evict,0_3,-0.0014344028429400524,0.18043555482019924,-0.3031455719684699,0.2684690443775439,0.175,0.25,-0.15,0.5,0.26666666666666666,0.13333333333333333,4
hard_evict,1_2,0.0949790122919468,-0.01746285010473475,-0.032040426274306213,0.23969547105124303,0.2,0.125,0.05,0.375,0.26666666666666666,0.0,2
hard_evict,1_3,0.14832728400655795,0.1819817894660769,0.04289918459489222,0.2377600121934223,0.30833333333333335,0.375,0.125,0.475,0.26666666666666666,0.0,1
hard_evict,2_3,-0.13409827565332016,-0.010529901370595951,-0.48807504191891943,0.19355021651434778,-0.03333333333333333,0.125,-0.4,0.35,0.2,0.13333333333333333,6
