question_id,condition,dense_correct_choice_log_probability,dense_answer_margin,best_pair,best_pair_logp,best_pair_margin,best_pair_delta_logp_vs_dense,best_pair_delta_margin_vs_dense,worst_pair,worst_pair_logp,worst_pair_margin,worst_pair_delta_logp_vs_dense,worst_pair_delta_margin_vs_dense,attention_selected_pair,attention_selected_logp,attention_selected_margin,attention_selected_regret_logp,attention_selected_rank_logp,any_pair_preserves_or_improves_dense_logp,num_pairs_within_0_01_logp_of_dense,fraction_pairs_within_0_01_logp_of_dense,num_pairs_within_0_05_logp_of_dense,fraction_pairs_within_0_05_logp_of_dense,num_pairs_within_0_1_logp_of_dense,fraction_pairs_within_0_1_logp_of_dense,num_pairs_within_0_5_logp_of_dense,fraction_pairs_within_0_5_logp_of_dense
fine_grained_action_localization_3168,handoff_mean,-1.821067337576467,-0.625,0_3,-1.7009593229919775,-0.5,0.1201080145844895,0.125,2_3,-1.9157918510311487,-0.75,-0.09472451345468169,-0.125,0_2,-1.806513034819366,-0.375,0.1055537118273886,3,True,3,0.5,3,0.5,6,1.0,6,1.0
fine_grained_action_localization_3168,hard_evict,-1.821067337576467,-0.625,0_3,-1.6264864086948851,-0.375,0.19458092888158185,0.25,2_3,-1.9545797235624698,-0.75,-0.1335123859860028,-0.125,0_2,-1.7601581001159485,-0.375,0.1336716914210634,3,True,3,0.5,4,0.6666666666666666,5,0.8333333333333334,6,1.0
fine_grained_action_localization_5424,handoff_mean,-2.364095156107987,-1.75,0_3,-1.8917996213199766,-0.875,0.47229553478801023,0.875,1_2,-2.437023951751075,-2.0,-0.07292879564308796,-0.25,0_2,-2.0183480012039006,-1.375,0.12654837988392398,2,True,5,0.8333333333333334,5,0.8333333333333334,6,1.0,6,1.0
fine_grained_action_localization_5424,hard_evict,-2.364095156107987,-1.75,0_3,-1.954540138467453,-0.875,0.4095550176405338,0.875,1_2,-2.445161741482091,-2.0,-0.08106658537410416,-0.25,0_2,-2.1274408643483302,-1.5,0.17290072588087724,3,True,5,0.8333333333333334,5,0.8333333333333334,6,1.0,6,1.0
fine_grained_action_localization_9427,handoff_mean,-1.2439918371497942,0.125,1_3,-1.2215144963983429,0.375,0.022477340751451358,0.25,2_3,-1.5969965336007166,-0.125,-0.35300469645092236,-0.25,0_1,-1.4441122329756741,-0.25,0.22259773657733128,3,True,1,0.16666666666666666,1,0.16666666666666666,1,0.16666666666666666,6,1.0
fine_grained_action_localization_9427,hard_evict,-1.2439918371497942,0.125,1_3,-1.1803004083094575,0.375,0.06369142884033674,0.25,2_3,-1.575778416225539,-0.125,-0.3317865790757448,-0.25,0_1,-1.5271519820833017,-0.375,0.34685157377384424,4,True,1,0.16666666666666666,1,0.16666666666666666,1,0.16666666666666666,6,1.0
fine_grained_action_recognition_1705,handoff_mean,-2.9142622795936592,-2.375,1_2,-2.6191836053269357,-2.0,0.2950786742667235,0.375,0_1,-3.62500673964709,-3.0,-0.710744460053431,-0.625,0_1,-3.62500673964709,-3.0,1.0058231343201545,6,True,4,0.6666666666666666,4,0.6666666666666666,4,0.6666666666666666,5,0.8333333333333334
fine_grained_action_recognition_1705,hard_evict,-2.9142622795936592,-2.375,2_3,-2.6353910775713656,-2.125,0.27887120202229365,0.25,0_1,-3.572137129400061,-3.0,-0.6578748498064018,-0.625,0_1,-3.572137129400061,-3.0,0.9367460518286954,6,True,4,0.6666666666666666,4,0.6666666666666666,4,0.6666666666666666,5,0.8333333333333334
fine_grained_action_recognition_284,handoff_mean,-0.13220503011889062,2.125,1_3,-0.06991080128222749,3.0,0.062294228836663135,0.875,2_3,-0.24550310462706956,1.625,-0.11329807450817894,-0.5,0_1,-0.08356753379746983,2.625,0.01365673251524234,2,True,3,0.5,4,0.6666666666666666,5,0.8333333333333334,6,1.0
fine_grained_action_recognition_284,hard_evict,-0.13220503011889062,2.125,1_3,-0.06989402295394724,3.0,0.06231100716494338,0.875,2_3,-0.2200398405322534,1.75,-0.08783481041336277,-0.375,0_1,-0.07570350866110757,2.75,0.005809485707160333,2,True,3,0.5,4,0.6666666666666666,6,1.0,6,1.0
fine_grained_action_recognition_3572,handoff_mean,-0.9355005647466217,0.0,1_3,-0.6006209845031023,0.5,0.3348795802435194,0.5,1_2,-0.9880249077966298,0.125,-0.05252434305000808,0.125,0_1,-0.8715938064220617,0.125,0.27097282191895944,3,True,4,0.6666666666666666,5,0.8333333333333334,6,1.0,6,1.0
fine_grained_action_recognition_3572,hard_evict,-0.9355005647466217,0.0,1_3,-0.6516245380561556,0.375,0.2838760266904661,0.375,1_2,-0.9857194272732285,0.125,-0.05021886252660679,0.125,0_1,-0.8715338872521228,0.125,0.21990934919596716,3,True,4,0.6666666666666666,5,0.8333333333333334,6,1.0,6,1.0
gaze_interaction_anticipation_41,handoff_mean,-1.2602943327351726,-0.25,1_3,-1.2726900422292855,0.0,-0.01239570949411295,0.25,0_1,-3.0690453000080358,-2.125,-1.8087509672728632,-1.875,0_1,-3.0690453000080358,-2.125,1.7963552577787503,6,False,0,0.0,1,0.16666666666666666,2,0.3333333333333333,5,0.8333333333333334
gaze_interaction_anticipation_41,hard_evict,-1.2602943327351726,-0.25,2_3,-1.260041915825719,0.125,0.00025241690945354556,0.375,0_1,-3.13195500941492,-2.25,-1.8716606766797474,-2.0,0_1,-3.13195500941492,-2.25,1.871913093589201,6,True,1,0.16666666666666666,2,0.3333333333333333,2,0.3333333333333333,5,0.8333333333333334
gaze_interaction_anticipation_5,handoff_mean,-0.9896652063242657,0.0,0_1,-0.2713750198960809,1.625,0.7182901864281848,1.625,2_3,-1.326879679731336,-0.5,-0.33721447340707034,-0.5,0_1,-0.2713750198960809,1.625,0.0,1,True,5,0.8333333333333334,5,0.8333333333333334,5,0.8333333333333334,6,1.0
gaze_interaction_anticipation_5,hard_evict,-0.9896652063242657,0.0,0_1,-0.29194141064656337,1.5,0.6977237956777023,1.5,2_3,-1.3080675424899777,-0.375,-0.318402336165712,-0.375,0_1,-0.29194141064656337,1.5,0.0,1,True,5,0.8333333333333334,5,0.8333333333333334,5,0.8333333333333334,6,1.0
gaze_interaction_anticipation_926,handoff_mean,-4.3792995479742505,-4.25,1_2,-3.6552623372270365,-3.5,0.7240372107472139,0.75,2_3,-5.94715017129762,-5.875,-1.5678506233233698,-1.625,0_1,-3.8599773033032836,-3.625,0.20471496607624706,2,True,3,0.5,3,0.5,3,0.5,4,0.6666666666666666
gaze_interaction_anticipation_926,hard_evict,-4.3792995479742505,-4.25,1_2,-3.641517019835873,-3.5,0.7377825281383776,0.75,2_3,-5.947006055198786,-5.875,-1.5677065072245355,-1.625,0_1,-3.960057782177541,-3.75,0.31854076234166806,2,True,3,0.5,3,0.5,3,0.5,4,0.6666666666666666
ingredient_ingredient_adding_localization_23,handoff_mean,-1.867388391130755,-1.0,1_2,-1.5360544383103991,-0.5,0.3313339528203558,0.5,2_3,-1.7760907616361683,-0.75,0.09129762949458664,0.25,0_2,-1.719399379573531,-0.75,0.18334494126313183,5,True,6,1.0,6,1.0,6,1.0,6,1.0
ingredient_ingredient_adding_localization_23,hard_evict,-1.867388391130755,-1.0,1_2,-1.5479468641195604,-0.5,0.31944152701119455,0.5,2_3,-1.776200100648768,-0.75,0.09118829048198696,0.25,0_2,-1.7320253284654386,-0.75,0.18407846434587816,5,True,6,1.0,6,1.0,6,1.0,6,1.0
ingredient_ingredient_adding_localization_91,handoff_mean,-3.169155718187003,-2.75,0_1,-2.700426784087254,-1.875,0.46872893409974914,0.875,0_2,-3.273495164342175,-2.625,-0.10433944615517188,0.125,0_1,-2.700426784087254,-1.875,0.0,1,True,3,0.5,4,0.6666666666666666,5,0.8333333333333334,6,1.0
ingredient_ingredient_adding_localization_91,hard_evict,-3.169155718187003,-2.75,1_3,-2.7758025174445606,-2.125,0.3933532007424425,0.625,1_2,-3.231901630737104,-2.625,-0.06274591255010087,0.125,0_1,-2.8094733836797836,-2.0,0.033670866235222974,2,True,4,0.6666666666666666,5,0.8333333333333334,6,1.0,6,1.0
ingredient_ingredient_weight_5,handoff_mean,-1.8696725428588157,-1.25,1_2,-1.797782305929469,-1.25,0.0718902369293466,0.0,2_3,-3.401138555244739,-2.375,-1.5314660123859234,-1.125,1_3,-2.2795672760364543,-1.75,0.4817849701069852,2,True,1,0.16666666666666666,1,0.16666666666666666,1,0.16666666666666666,3,0.5
ingredient_ingredient_weight_5,hard_evict,-1.8696725428588157,-1.25,1_2,-1.8041578836980032,-1.25,0.06551465916081245,0.0,2_3,-3.3809873791811538,-2.375,-1.511314836322338,-1.125,1_3,-2.24858490179231,-1.75,0.4444270180943066,2,True,1,0.16666666666666666,1,0.16666666666666666,1,0.16666666666666666,3,0.5
object_motion_object_movement_itinerary_286,handoff_mean,-2.1051294729272323,-1.5,0_2,-1.6796752060279794,-1.0,0.4254542668992529,0.5,2_3,-2.052581320150111,-1.5,0.05254815277712144,0.0,0_2,-1.6796752060279794,-1.0,0.0,1,True,6,1.0,6,1.0,6,1.0,6,1.0
object_motion_object_movement_itinerary_286,hard_evict,-2.1051294729272323,-1.5,0_2,-1.6819289631115257,-1.0,0.42320050981570656,0.5,2_3,-2.139737450613389,-1.625,-0.034607977686156755,-0.125,0_2,-1.6819289631115257,-1.0,0.0,1,True,5,0.8333333333333334,6,1.0,6,1.0,6,1.0
object_motion_object_movement_itinerary_433,handoff_mean,-2.1704049188249552,-1.375,1_3,-1.8320236662917502,-0.875,0.33838125253320506,0.5,0_2,-2.4440522272419547,-1.625,-0.27364730841699947,-0.25,0_1,-1.9990229676476021,-1.125,0.16699930135585195,3,True,5,0.8333333333333334,5,0.8333333333333334,5,0.8333333333333334,6,1.0
object_motion_object_movement_itinerary_433,hard_evict,-2.1704049188249552,-1.375,1_3,-1.8189425826216237,-0.875,0.35146233620333156,0.5,0_2,-2.4439503882845965,-1.625,-0.2735454694596413,-0.25,0_1,-2.0221788966709684,-1.125,0.20323631404934472,3,True,4,0.6666666666666666,4,0.6666666666666666,4,0.6666666666666666,6,1.0
object_motion_object_movement_itinerary_61,handoff_mean,-3.4667850161856824,-3.25,2_3,-2.181728724011181,-1.5,1.2850562921745015,1.75,1_2,-3.595758711870534,-3.375,-0.12897369568485173,-0.125,0_2,-2.6277993884751187,-1.875,0.44607066446393784,3,True,5,0.8333333333333334,5,0.8333333333333334,5,0.8333333333333334,6,1.0
object_motion_object_movement_itinerary_61,hard_evict,-3.4667850161856824,-3.25,2_3,-2.1204532206176814,-1.375,1.346331795568001,1.875,1_2,-3.480438630822739,-3.25,-0.0136536146370565,0.0,0_2,-2.627825538347075,-1.875,0.5073723177293936,3,True,5,0.8333333333333334,6,1.0,6,1.0,6,1.0
