question_id,attention_selected_pair,attention_selected_logp,attention_selected_margin,mean_other_five_logp,median_other_five_logp,attention_selected_minus_mean_other_five_logp,attention_selected_minus_mean_other_five_margin,attention_selected_rank_logp,attention_selected_is_best,attention_selected_is_top_two,attention_selected_is_worst,mean_handoff_minus_hard_evict_logp,mean_handoff_minus_hard_evict_margin,spearman_attention_mass_vs_logp,spearman_attention_mass_vs_margin,best_pair_logp,worst_pair_logp,pair_logp_range,fraction_pairs_logp_degradation_below_minus_0_1,fraction_pairs_logp_degradation_below_minus_0_5,attention_selection_avoids_catastrophic_minus_0_5
fine_grained_action_localization_3168,0_2,-1.806513034819366,-0.375,-1.824587810801685,-1.8825312144137953,0.01807477598231899,0.19999999999999996,3,False,False,False,-0.02400739146724747,-0.041666666666666664,0.6571428571428573,0.6957252427829381,-1.7009593229919775,-1.9157918510311487,0.2148325280391712,0.0,0.0,True
fine_grained_action_localization_5424,0_2,-2.0183480012039006,-1.375,-2.167779207105281,-2.217682593567816,0.14943120590138026,0.10000000000000009,2,False,True,False,0.03916223299195687,0.0,0.7714285714285715,0.7247137945655605,-1.8917996213199766,-2.437023951751075,0.5452243304310982,0.0,0.0,True
fine_grained_action_localization_9427,0_1,-1.4441122329756741,-0.25,-1.430440413996537,-1.453097544060505,-0.013671818979137162,-0.325,3,False,False,False,0.012156024461046541,0.020833333333333332,0.14285714285714288,-0.34786262139146906,-1.2215144963983429,-1.5969965336007166,0.3754820372023737,0.8333333333333334,0.0,True
fine_grained_action_recognition_1705,0_1,-3.62500673964709,-3.0,-2.757335584600722,-2.7356544923490898,-0.8676711550463683,-0.8250000000000002,6,False,False,True,0.00565790562114062,0.020833333333333332,-0.8285714285714287,-0.7356123579206245,-2.6191836053269357,-3.62500673964709,1.0058231343201545,0.3333333333333333,0.16666666666666666,False
fine_grained_action_recognition_284,0_1,-0.08356753379746983,2.625,-0.15055152657157286,-0.15072479731531221,0.06698399277410304,0.4249999999999998,2,False,True,False,-0.005609307858455395,-0.041666666666666664,0.2571428571428572,0.2571428571428572,-0.06991080128222749,-0.24550310462706956,0.17559230334484208,0.16666666666666666,0.0,True
fine_grained_action_recognition_3572,0_1,-0.8715938064220617,0.125,-0.8486644416746183,-0.9028773087614637,-0.022929364747443448,-0.07500000000000001,3,False,False,False,-6.506414596050651e-05,0.0,-0.08571428571428573,-0.39279220242478635,-0.6006209845031023,-0.9880249077966298,0.38740392329352746,0.0,0.0,True
gaze_interaction_anticipation_41,0_1,-3.0690453000080358,-2.125,-1.4132125938035676,-1.4462315254443467,-1.6558327062044682,-1.875,6,False,False,True,0.013631132670698968,0.041666666666666664,-0.7142857142857143,-0.942857142857143,-1.2726900422292855,-3.0690453000080358,1.7963552577787503,0.6666666666666666,0.16666666666666666,False
gaze_interaction_anticipation_5,0_1,-0.2713750198960809,1.625,-0.7783076097819394,-0.6380222782154232,0.5069325898858584,1.125,1,True,True,False,-0.017026027128022703,-0.020833333333333332,0.48571428571428577,0.550782483869826,-0.2713750198960809,-1.326879679731336,1.055504659835255,0.16666666666666666,0.0,True
gaze_interaction_anticipation_926,0_1,-3.8599773033032836,-3.625,-4.827027487858922,-4.674834955273206,0.9670501845556387,1.0499999999999998,2,False,True,False,-0.006263705228710077,0.0,0.2,0.2,-3.6552623372270365,-5.94715017129762,2.2918878340705837,0.5,0.3333333333333333,True
ingredient_ingredient_adding_localization_23,0_2,-1.719399379573531,-0.75,-1.6773986526610927,-1.696262499453577,-0.04200072691243828,-0.17500000000000004,5,False,False,False,-0.006809300679395262,-0.020833333333333332,-0.5428571428571429,-0.6172133998483676,-1.5360544383103991,-1.7760907616361683,0.24003632332576919,0.0,0.0,True
ingredient_ingredient_adding_localization_91,0_1,-2.700426784087254,-1.875,-3.0986035893941017,-3.2055879686370417,0.39817680530684774,0.5750000000000002,1,True,True,False,0.010266812996198471,0.020833333333333332,0.14285714285714288,0.3946648814672956,-2.700426784087254,-3.273495164342175,0.573068380254921,0.16666666666666666,0.0,True
ingredient_ingredient_weight_5,1_3,-2.2795672760364543,-1.75,-2.6144723812038486,-2.4784667549304915,0.33490510516739436,0.02499999999999991,2,False,True,False,-0.020998123564760347,-0.020833333333333332,0.028571428571428574,-0.4285714285714286,-1.797782305929469,-3.401138555244739,1.60335624931527,0.8333333333333334,0.5,True
object_motion_object_movement_itinerary_286,0_2,-1.6796752060279794,-1.0,-1.8697648933434656,-1.8139386962022495,0.19008968731548626,0.25,1,True,True,False,0.051965953424637834,0.0625,0.08571428571428573,0.08827348295047496,-1.6796752060279794,-2.052581320150111,0.3729061141221315,0.0,0.0,True
object_motion_object_movement_itinerary_433,0_1,-1.9990229676476021,-1.125,-2.066739900491872,-2.0135194766640736,0.06771693284426972,0.02499999999999991,3,False,False,False,0.04730287885337362,0.0625,-0.3714285714285715,-0.5002164033860248,-1.8320236662917502,-2.4440522272419547,0.6120285609502045,0.16666666666666666,0.0,True
object_motion_object_movement_itinerary_61,0_2,-2.6277993884751187,-1.875,-2.845988226018119,-2.9151612128575355,0.21818883754300034,0.5499999999999998,3,False,False,False,-0.02167269336963451,-0.041666666666666664,0.5428571428571429,0.5428571428571429,-2.181728724011181,-3.595758711870534,1.4140299878593532,0.16666666666666666,0.0,True
