question_id,condition,retained_pair,retained_cell_a,retained_cell_b,retained_attention_mass,correct_choice_log_probability,answer_margin,delta_logp_vs_dense,delta_margin_vs_dense,predicted_idx,correct,dense_correct_choice_log_probability,dense_answer_margin,original_sequence_length,final_sequence_length,estimated_attention_flops,visual_token_count,memory_token_count,category,participant_id,source_video_id
fine_grained_action_localization_3168,handoff_mean,0_1,0,1,0.5428581898372734,-1.7302278573289003,-0.25,0.09083948024756672,0.375,2,False,-1.821067337576467,-0.625,2862,1514,1681198776320.0,1352,4,fine_grained,P04,P04-20240415-181212
fine_grained_action_localization_3168,hard_evict,0_1,0,1,0.5428581898372734,-1.730325645262716,-0.25,0.09074169231375095,0.375,2,False,-1.821067337576467,-0.625,2862,1510,1677904019456.0,1352,0,fine_grained,P04,P04-20240415-181212
fine_grained_action_localization_3168,handoff_mean,0_2,0,2,0.6205481038716867,-1.806513034819366,-0.375,0.014554302757100901,0.25,2,False,-1.821067337576467,-0.625,2862,1514,1681198776320.0,1352,4,fine_grained,P04,P04-20240415-181212
fine_grained_action_localization_3168,hard_evict,0_2,0,2,0.6205481038716867,-1.7601581001159485,-0.375,0.06090923746051846,0.25,4,False,-1.821067337576467,-0.625,2862,1510,1677904019456.0,1352,0,fine_grained,P04,P04-20240415-181212
fine_grained_action_localization_3168,handoff_mean,0_3,0,3,0.608450519389693,-1.7009593229919775,-0.5,0.1201080145844895,0.125,3,False,-1.821067337576467,-0.625,2862,1514,1681198776320.0,1352,4,fine_grained,P04,P04-20240415-181212
fine_grained_action_localization_3168,hard_evict,0_3,0,3,0.608450519389693,-1.6264864086948851,-0.375,0.19458092888158185,0.25,3,False,-1.821067337576467,-0.625,2862,1510,1677904019456.0,1352,0,fine_grained,P04,P04-20240415-181212
fine_grained_action_localization_3168,handoff_mean,1_2,1,2,0.39154948060413897,-1.8825312144137953,-0.5,-0.061463876837328346,0.125,3,False,-1.821067337576467,-0.625,2862,1514,1681198776320.0,1352,4,fine_grained,P04,P04-20240415-181212
fine_grained_action_localization_3168,hard_evict,1_2,1,2,0.39154948060413897,-1.88252722742826,-0.5,-0.06145988985179307,0.125,3,False,-1.821067337576467,-0.625,2862,1510,1677904019456.0,1352,0,fine_grained,P04,P04-20240415-181212
fine_grained_action_localization_3168,handoff_mean,1_3,1,3,0.37945189612214514,-1.8934288082426034,-0.875,-0.07236147066613641,-0.25,3,False,-1.821067337576467,-0.625,2862,1514,1681198776320.0,1352,4,fine_grained,P04,P04-20240415-181212
fine_grained_action_localization_3168,hard_evict,1_3,1,3,0.37945189612214514,-1.831330634960027,-0.75,-0.01026329738355991,-0.125,3,False,-1.821067337576467,-0.625,2862,1510,1677904019456.0,1352,0,fine_grained,P04,P04-20240415-181212
fine_grained_action_localization_3168,handoff_mean,2_3,2,3,0.45714181015655847,-1.9157918510311487,-0.75,-0.09472451345468169,-0.125,3,False,-1.821067337576467,-0.625,2862,1514,1681198776320.0,1352,4,fine_grained,P04,P04-20240415-181212
fine_grained_action_localization_3168,hard_evict,2_3,2,3,0.45714181015655847,-1.9545797235624698,-0.75,-0.1335123859860028,-0.125,3,False,-1.821067337576467,-0.625,2862,1510,1677904019456.0,1352,0,fine_grained,P04,P04-20240415-181212
fine_grained_action_localization_5424,handoff_mean,0_1,0,1,0.5994988571557021,-2.048285744761902,-1.25,0.315809411346085,0.5,4,False,-2.364095156107987,-1.75,2861,1513,1679635865600.0,1352,4,fine_grained,P06,P06-20240510-135423
fine_grained_action_localization_5424,hard_evict,0_1,0,1,0.5994988571557021,-2.0484041794002454,-1.25,0.3156909767077414,0.5,4,False,-2.364095156107987,-1.75,2861,1509,1676343287808.0,1352,0,fine_grained,P06,P06-20240510-135423
fine_grained_action_localization_5424,handoff_mean,0_2,0,2,0.6475980843930282,-2.0183480012039006,-1.375,0.34574715490408625,0.375,4,False,-2.364095156107987,-1.75,2861,1513,1679635865600.0,1352,4,fine_grained,P06,P06-20240510-135423
fine_grained_action_localization_5424,hard_evict,0_2,0,2,0.6475980843930282,-2.1274408643483302,-1.5,0.23665429175965658,0.25,4,False,-2.364095156107987,-1.75,2861,1509,1676343287808.0,1352,0,fine_grained,P06,P06-20240510-135423
fine_grained_action_localization_5424,handoff_mean,0_3,0,3,0.6081331329896045,-1.8917996213199766,-0.875,0.47229553478801023,0.875,4,False,-2.364095156107987,-1.75,2861,1513,1679635865600.0,1352,4,fine_grained,P06,P06-20240510-135423
fine_grained_action_localization_5424,hard_evict,0_3,0,3,0.6081331329896045,-1.954540138467453,-0.875,0.4095550176405338,0.875,4,False,-2.364095156107987,-1.75,2861,1509,1676343287808.0,1352,0,fine_grained,P06,P06-20240510-135423
fine_grained_action_localization_5424,handoff_mean,1_2,1,2,0.39186686700454854,-2.437023951751075,-2.0,-0.07292879564308796,-0.25,4,False,-2.364095156107987,-1.75,2861,1513,1679635865600.0,1352,4,fine_grained,P06,P06-20240510-135423
fine_grained_action_localization_5424,hard_evict,1_2,1,2,0.39186686700454854,-2.445161741482091,-2.0,-0.08106658537410416,-0.25,4,False,-2.364095156107987,-1.75,2861,1509,1676343287808.0,1352,0,fine_grained,P06,P06-20240510-135423
fine_grained_action_localization_5424,handoff_mean,1_3,1,3,0.3524019156011247,-2.217682593567816,-1.625,0.14641256254017065,0.125,4,False,-2.364095156107987,-1.75,2861,1513,1679635865600.0,1352,4,fine_grained,P06,P06-20240510-135423
fine_grained_action_localization_5424,hard_evict,1_3,1,3,0.3524019156011247,-2.329911785685756,-1.75,0.03418337042223074,0.0,4,False,-2.364095156107987,-1.75,2861,1509,1676343287808.0,1352,0,fine_grained,P06,P06-20240510-135423
fine_grained_action_localization_5424,handoff_mean,2_3,2,3,0.40050114283845095,-2.2441041241256356,-1.625,0.11999103198235117,0.125,4,False,-2.364095156107987,-1.75,2861,1513,1679635865600.0,1352,4,fine_grained,P06,P06-20240510-135423
fine_grained_action_localization_5424,hard_evict,2_3,2,3,0.40050114283845095,-2.186758725298171,-1.375,0.17733643080981576,0.375,4,False,-2.364095156107987,-1.75,2861,1509,1676343287808.0,1352,0,fine_grained,P06,P06-20240510-135423
fine_grained_action_localization_9427,handoff_mean,0_1,0,1,0.6090231214260597,-1.4441122329756741,-0.25,-0.20012039582587993,-0.375,3,False,-1.2439918371497942,0.125,2861,1513,1679635865600.0,1352,4,fine_grained,P02,P02-20240211-182630
fine_grained_action_localization_9427,hard_evict,0_1,0,1,0.6090231214260597,-1.5271519820833017,-0.375,-0.2831601449335075,-0.5,3,False,-1.2439918371497942,0.125,2861,1509,1676343287808.0,1352,0,fine_grained,P02,P02-20240211-182630
fine_grained_action_localization_9427,handoff_mean,0_2,0,2,0.5198402726641469,-1.4771587008334046,0.0,-0.2331668636836104,-0.125,2,True,-1.2439918371497942,0.125,2861,1513,1679635865600.0,1352,4,fine_grained,P02,P02-20240211-182630
fine_grained_action_localization_9427,hard_evict,0_2,0,2,0.5198402726641469,-1.5294710439013721,0.0,-0.2854792067515779,-0.125,0,False,-1.2439918371497942,0.125,2861,1509,1676343287808.0,1352,0,fine_grained,P02,P02-20240211-182630
fine_grained_action_localization_9427,handoff_mean,0_3,0,3,0.5574843759088137,-1.453097544060505,0.0,-0.20910570691071073,-0.125,2,True,-1.2439918371497942,0.125,2861,1513,1679635865600.0,1352,4,fine_grained,P02,P02-20240211-182630
fine_grained_action_localization_9427,hard_evict,0_3,0,3,0.5574843759088137,-1.4530685009698914,0.0,-0.20907666382009715,-0.125,2,True,-1.2439918371497942,0.125,2861,1509,1676343287808.0,1352,0,fine_grained,P02,P02-20240211-182630
fine_grained_action_localization_9427,handoff_mean,1_2,1,2,0.44251562408481726,-1.4034347950897161,0.125,-0.15944295793992191,0.0,2,True,-1.2439918371497942,0.125,2861,1513,1679635865600.0,1352,4,fine_grained,P02,P02-20240211-182630
fine_grained_action_localization_9427,hard_evict,1_2,1,2,0.44251562408481726,-1.4034800982350768,0.125,-0.15948826108528258,0.0,2,True,-1.2439918371497942,0.125,2861,1509,1676343287808.0,1352,0,fine_grained,P02,P02-20240211-182630
fine_grained_action_localization_9427,handoff_mean,1_3,1,3,0.48015972732948403,-1.2215144963983429,0.375,0.022477340751451358,0.25,2,True,-1.2439918371497942,0.125,2861,1513,1679635865600.0,1352,4,fine_grained,P02,P02-20240211-182630
fine_grained_action_localization_9427,hard_evict,1_3,1,3,0.48015972732948403,-1.1803004083094575,0.375,0.06369142884033674,0.25,2,True,-1.2439918371497942,0.125,2861,1509,1676343287808.0,1352,0,fine_grained,P02,P02-20240211-182630
fine_grained_action_localization_9427,handoff_mean,2_3,2,3,0.39097687856757124,-1.5969965336007166,-0.125,-0.35300469645092236,-0.25,3,False,-1.2439918371497942,0.125,2861,1513,1679635865600.0,1352,4,fine_grained,P02,P02-20240211-182630
fine_grained_action_localization_9427,hard_evict,2_3,2,3,0.39097687856757124,-1.575778416225539,-0.125,-0.3317865790757448,-0.25,3,False,-1.2439918371497942,0.125,2861,1509,1676343287808.0,1352,0,fine_grained,P02,P02-20240211-182630
fine_grained_action_recognition_1705,handoff_mean,0_1,0,1,0.6355476733565842,-3.62500673964709,-3.0,-0.710744460053431,-0.625,4,False,-2.9142622795936592,-2.375,2900,1552,1741184270336.0,1352,4,fine_grained,P06,P06-20240510-121619
fine_grained_action_recognition_1705,hard_evict,0_1,0,1,0.6355476733565842,-3.572137129400061,-3.0,-0.6578748498064018,-0.625,4,False,-2.9142622795936592,-2.375,2900,1548,1737806708736.0,1352,0,fine_grained,P06,P06-20240510-121619
fine_grained_action_recognition_1705,handoff_mean,0_2,0,2,0.6232844008694985,-3.0439512509508195,-2.625,-0.1296889713571603,-0.25,4,False,-2.9142622795936592,-2.375,2900,1552,1741184270336.0,1352,4,fine_grained,P06,P06-20240510-121619
fine_grained_action_recognition_1705,hard_evict,0_2,0,2,0.6232844008694985,-3.0447293613077537,-2.625,-0.1304670817140945,-0.25,4,False,-2.9142622795936592,-2.375,2900,1548,1737806708736.0,1352,0,fine_grained,P06,P06-20240510-121619
fine_grained_action_recognition_1705,handoff_mean,0_3,0,3,0.6067007891025532,-2.7404204144707993,-2.125,0.17384186512285993,0.25,4,False,-2.9142622795936592,-2.375,2900,1552,1741184270336.0,1352,4,fine_grained,P06,P06-20240510-121619
fine_grained_action_recognition_1705,hard_evict,0_3,0,3,0.6067007891025532,-2.8160323333795816,-2.25,0.09822994621407766,0.125,4,False,-2.9142622795936592,-2.375,2900,1548,1737806708736.0,1352,0,fine_grained,P06,P06-20240510-121619
fine_grained_action_recognition_1705,handoff_mean,1_2,1,2,0.39329921089058023,-2.6191836053269357,-2.0,0.2950786742667235,0.375,4,False,-2.9142622795936592,-2.375,2900,1552,1741184270336.0,1352,4,fine_grained,P06,P06-20240510-121619
fine_grained_action_recognition_1705,hard_evict,1_2,1,2,0.39329921089058023,-2.6543966453432954,-2.0,0.2598656342503638,0.375,4,False,-2.9142622795936592,-2.375,2900,1548,1737806708736.0,1352,0,fine_grained,P06,P06-20240510-121619
fine_grained_action_recognition_1705,handoff_mean,1_3,1,3,0.3767155991236349,-2.7356544923490898,-2.0,0.1786077872445695,0.375,4,False,-2.9142622795936592,-2.375,2900,1552,1741184270336.0,1352,4,fine_grained,P06,P06-20240510-121619
fine_grained_action_recognition_1705,hard_evict,1_3,1,3,0.3767155991236349,-2.7229455493754844,-2.0,0.19131673021817486,0.375,4,False,-2.9142622795936592,-2.375,2900,1548,1737806708736.0,1352,0,fine_grained,P06,P06-20240510-121619
fine_grained_action_recognition_1705,handoff_mean,2_3,2,3,0.3644523266365492,-2.6474681599059635,-2.125,0.26679411968769573,0.25,4,False,-2.9142622795936592,-2.375,2900,1552,1741184270336.0,1352,4,fine_grained,P06,P06-20240510-121619
fine_grained_action_recognition_1705,hard_evict,2_3,2,3,0.3644523266365492,-2.6353910775713656,-2.125,0.27887120202229365,0.25,4,False,-2.9142622795936592,-2.375,2900,1548,1737806708736.0,1352,0,fine_grained,P06,P06-20240510-121619
fine_grained_action_recognition_284,handoff_mean,0_1,0,1,0.6597524093490837,-0.08356753379746983,2.625,0.048637496321420795,0.5,3,True,-0.13220503011889062,2.125,2887,1539,1720532459520.0,1352,4,fine_grained,P01,P01-20240202-161354
fine_grained_action_recognition_284,hard_evict,0_1,0,1,0.6597524093490837,-0.07570350866110757,2.75,0.05650152145778305,0.625,3,True,-0.13220503011889062,2.125,2887,1535,1717183225856.0,1352,0,fine_grained,P01,P01-20240202-161354
fine_grained_action_recognition_284,handoff_mean,0_2,0,2,0.6161054809011199,-0.18546559754901903,1.75,-0.053260567430128414,-0.375,3,True,-0.13220503011889062,2.125,2887,1539,1720532459520.0,1352,4,fine_grained,P01,P01-20240202-161354
fine_grained_action_recognition_284,hard_evict,0_2,0,2,0.6161054809011199,-0.18566503768896936,1.75,-0.05346000757007874,-0.375,3,True,-0.13220503011889062,2.125,2887,1535,1717183225856.0,1352,0,fine_grained,P01,P01-20240202-161354
fine_grained_action_recognition_284,handoff_mean,0_3,0,3,0.5849887904363773,-0.101153332084236,2.5,0.031051698034654615,0.375,3,True,-0.13220503011889062,2.125,2887,1539,1720532459520.0,1352,4,fine_grained,P01,P01-20240202-161354
fine_grained_action_recognition_284,hard_evict,0_3,0,3,0.5849887904363773,-0.10169902944469882,2.5,0.030506000674191805,0.375,3,True,-0.13220503011889062,2.125,2887,1535,1717183225856.0,1352,0,fine_grained,P01,P01-20240202-161354
fine_grained_action_recognition_284,handoff_mean,1_2,1,2,0.41501120955637255,-0.15072479731531221,2.125,-0.018519767196421594,0.0,3,True,-0.13220503011889062,2.125,2887,1539,1720532459520.0,1352,4,fine_grained,P01,P01-20240202-161354
fine_grained_action_recognition_284,hard_evict,1_2,1,2,0.41501120955637255,-0.14966788022362537,2.125,-0.01746285010473475,0.0,3,True,-0.13220503011889062,2.125,2887,1535,1717183225856.0,1352,0,fine_grained,P01,P01-20240202-161354
fine_grained_action_recognition_284,handoff_mean,1_3,1,3,0.3838945190916299,-0.06991080128222749,3.0,0.062294228836663135,0.875,3,True,-0.13220503011889062,2.125,2887,1539,1720532459520.0,1352,4,fine_grained,P01,P01-20240202-161354
fine_grained_action_recognition_284,hard_evict,1_3,1,3,0.3838945190916299,-0.06989402295394724,3.0,0.06231100716494338,0.875,3,True,-0.13220503011889062,2.125,2887,1535,1717183225856.0,1352,0,fine_grained,P01,P01-20240202-161354
fine_grained_action_recognition_284,handoff_mean,2_3,2,3,0.3402475906436661,-0.24550310462706956,1.625,-0.11329807450817894,-0.5,3,True,-0.13220503011889062,2.125,2887,1539,1720532459520.0,1352,4,fine_grained,P01,P01-20240202-161354
fine_grained_action_recognition_284,hard_evict,2_3,2,3,0.3402475906436661,-0.2200398405322534,1.75,-0.08783481041336277,-0.375,3,True,-0.13220503011889062,2.125,2887,1535,1717183225856.0,1352,0,fine_grained,P01,P01-20240202-161354
fine_grained_action_recognition_3572,handoff_mean,0_1,0,1,0.6796050835355474,-0.8715938064220617,0.125,0.06390675832455994,0.125,0,True,-0.9355005647466217,0.0,2867,1519,1689025372160.0,1352,4,fine_grained,P04,P04-20240414-162750
fine_grained_action_recognition_3572,hard_evict,0_1,0,1,0.6796050835355474,-0.8715338872521228,0.125,0.06396667749449891,0.125,0,True,-0.9355005647466217,0.0,2867,1515,1685719719936.0,1352,0,fine_grained,P04,P04-20240414-162750
fine_grained_action_recognition_3572,handoff_mean,0_2,0,2,0.6307717649947975,-0.9482514430145789,0.125,-0.012750878267957177,0.125,0,True,-0.9355005647466217,0.0,2867,1519,1689025372160.0,1352,4,fine_grained,P04,P04-20240414-162750
fine_grained_action_recognition_3572,hard_evict,0_2,0,2,0.6307717649947975,-0.965079632912913,0.125,-0.0295790681662913,0.125,0,True,-0.9355005647466217,0.0,2867,1515,1685719719936.0,1352,0,fine_grained,P04,P04-20240414-162750
fine_grained_action_recognition_3572,handoff_mean,0_3,0,3,0.5629821401924935,-0.8035475642973169,0.125,0.1319530004493048,0.125,0,True,-0.9355005647466217,0.0,2867,1519,1689025372160.0,1352,4,fine_grained,P04,P04-20240414-162750
fine_grained_action_recognition_3572,hard_evict,0_3,0,3,0.5629821401924935,-0.7476925329406087,0.25,0.18780803180601302,0.25,0,True,-0.9355005647466217,0.0,2867,1515,1685719719936.0,1352,0,fine_grained,P04,P04-20240414-162750
fine_grained_action_recognition_3572,handoff_mean,1_2,1,2,0.43701785980052854,-0.9880249077966298,0.125,-0.05252434305000808,0.125,0,True,-0.9355005647466217,0.0,2867,1519,1689025372160.0,1352,4,fine_grained,P04,P04-20240414-162750
fine_grained_action_recognition_3572,hard_evict,1_2,1,2,0.43701785980052854,-0.9857194272732285,0.125,-0.05021886252660679,0.125,0,True,-0.9355005647466217,0.0,2867,1515,1685719719936.0,1352,0,fine_grained,P04,P04-20240414-162750
fine_grained_action_recognition_3572,handoff_mean,1_3,1,3,0.36922823499822455,-0.6006209845031023,0.5,0.3348795802435194,0.5,0,True,-0.9355005647466217,0.0,2867,1519,1689025372160.0,1352,4,fine_grained,P04,P04-20240414-162750
fine_grained_action_recognition_3572,hard_evict,1_3,1,3,0.36922823499822455,-0.6516245380561556,0.375,0.2838760266904661,0.375,0,True,-0.9355005647466217,0.0,2867,1515,1685719719936.0,1352,0,fine_grained,P04,P04-20240414-162750
fine_grained_action_recognition_3572,handoff_mean,2_3,2,3,0.3203949164574746,-0.9028773087614637,0.125,0.03262325598515803,0.125,0,True,-0.9355005647466217,0.0,2867,1519,1689025372160.0,1352,4,fine_grained,P04,P04-20240414-162750
fine_grained_action_recognition_3572,hard_evict,2_3,2,3,0.3203949164574746,-0.8928756114843617,0.125,0.04262495326226001,0.125,0,True,-0.9355005647466217,0.0,2867,1515,1685719719936.0,1352,0,fine_grained,P04,P04-20240414-162750
gaze_interaction_anticipation_41,handoff_mean,0_1,0,1,0.6070532820734635,-3.0690453000080358,-2.125,-1.8087509672728632,-1.875,2,False,-1.2602943327351726,-0.25,2788,1440,1567711789056.0,1352,4,gaze,P03,P03-20240218-202148
gaze_interaction_anticipation_41,hard_evict,0_1,0,1,0.6070532820734635,-3.13195500941492,-2.25,-1.8716606766797474,-2.0,2,False,-1.2602943327351726,-0.25,2788,1436,1564578283520.0,1352,0,gaze,P03,P03-20240218-202148
gaze_interaction_anticipation_41,handoff_mean,0_2,0,2,0.5832988432932651,-1.4462315254443467,-0.375,-0.1859371927091742,-0.125,3,False,-1.2602943327351726,-0.25,2788,1440,1567711789056.0,1352,4,gaze,P03,P03-20240218-202148
gaze_interaction_anticipation_41,hard_evict,0_2,0,2,0.5832988432932651,-1.4541548207962942,-0.375,-0.19386048806112166,-0.125,3,False,-1.2602943327351726,-0.25,2788,1436,1564578283520.0,1352,0,gaze,P03,P03-20240218-202148
gaze_interaction_anticipation_41,handoff_mean,0_3,0,3,0.6049419935907521,-1.5682309064422046,-0.75,-0.3079365737070321,-0.5,3,False,-1.2602943327351726,-0.25,2788,1440,1567711789056.0,1352,4,gaze,P03,P03-20240218-202148
gaze_interaction_anticipation_41,hard_evict,0_3,0,3,0.6049419935907521,-1.639258121223682,-0.875,-0.37896378848850953,-0.625,3,False,-1.2602943327351726,-0.25,2788,1436,1564578283520.0,1352,0,gaze,P03,P03-20240218-202148
gaze_interaction_anticipation_41,handoff_mean,1_2,1,2,0.39505800640153355,-1.4587289541652344,-0.25,-0.19843462143006185,0.0,3,False,-1.2602943327351726,-0.25,2788,1440,1567711789056.0,1352,4,gaze,P03,P03-20240218-202148
gaze_interaction_anticipation_41,hard_evict,1_2,1,2,0.39505800640153355,-1.4587155737712194,-0.25,-0.19842124103604686,0.0,3,False,-1.2602943327351726,-0.25,2788,1436,1564578283520.0,1352,0,gaze,P03,P03-20240218-202148
gaze_interaction_anticipation_41,handoff_mean,1_3,1,3,0.4167011566990204,-1.2726900422292855,0.0,-0.01239570949411295,0.25,3,False,-1.2602943327351726,-0.25,2788,1440,1567711789056.0,1352,4,gaze,P03,P03-20240218-202148
gaze_interaction_anticipation_41,hard_evict,1_3,1,3,0.4167011566990204,-1.2727696240182322,0.0,-0.012475291283059686,0.25,3,False,-1.2602943327351726,-0.25,2788,1436,1564578283520.0,1352,0,gaze,P03,P03-20240218-202148
gaze_interaction_anticipation_41,handoff_mean,2_3,2,3,0.39294671791882196,-1.320181540736766,0.125,-0.05988720800159353,0.375,4,True,-1.2602943327351726,-0.25,2788,1440,1567711789056.0,1352,4,gaze,P03,P03-20240218-202148
gaze_interaction_anticipation_41,hard_evict,2_3,2,3,0.39294671791882196,-1.260041915825719,0.125,0.00025241690945354556,0.375,4,True,-1.2602943327351726,-0.25,2788,1436,1564578283520.0,1352,0,gaze,P03,P03-20240218-202148
gaze_interaction_anticipation_5,handoff_mean,0_1,0,1,0.6097391833289862,-0.2713750198960809,1.625,0.7182901864281848,1.625,2,True,-0.9896652063242657,0.0,2785,1437,1563203690496.0,1352,4,gaze,P05,P05-20240425-201444
gaze_interaction_anticipation_5,hard_evict,0_1,0,1,0.6097391833289862,-0.29194141064656337,1.5,0.6977237956777023,1.5,2,True,-0.9896652063242657,0.0,2785,1433,1560076722176.0,1352,0,gaze,P05,P05-20240425-201444
gaze_interaction_anticipation_5,handoff_mean,0_2,0,2,0.5587423812471115,-0.5815440560733319,1.0,0.40812115025093376,1.0,2,True,-0.9896652063242657,0.0,2785,1437,1563203690496.0,1352,4,gaze,P05,P05-20240425-201444
gaze_interaction_anticipation_5,hard_evict,0_2,0,2,0.5587423812471115,-0.5336069049008174,1.125,0.4560583014234483,1.125,2,True,-0.9896652063242657,0.0,2785,1433,1560076722176.0,1352,0,gaze,P05,P05-20240425-201444
gaze_interaction_anticipation_5,handoff_mean,0_3,0,3,0.5975946743062076,-0.9043796095847664,0.125,0.08528559673949931,0.125,2,True,-0.9896652063242657,0.0,2785,1437,1563203690496.0,1352,4,gaze,P05,P05-20240425-201444
gaze_interaction_anticipation_5,hard_evict,0_3,0,3,0.5975946743062076,-0.8092296515040664,0.25,0.18043555482019924,0.25,2,True,-0.9896652063242657,0.0,2785,1433,1560076722176.0,1352,0,gaze,P05,P05-20240425-201444
gaze_interaction_anticipation_5,handoff_mean,1_2,1,2,0.40240532568689025,-0.44071242530483934,1.0,0.5489527810194264,1.0,2,True,-0.9896652063242657,0.0,2785,1437,1563203690496.0,1352,4,gaze,P05,P05-20240425-201444
gaze_interaction_anticipation_5,hard_evict,1_2,1,2,0.40240532568689025,-0.45099140244443575,1.0,0.53867380387983,1.0,2,True,-0.9896652063242657,0.0,2785,1433,1560076722176.0,1352,0,gaze,P05,P05-20240425-201444
gaze_interaction_anticipation_5,handoff_mean,1_3,1,3,0.44125761874598635,-0.6380222782154232,0.875,0.35164292810884246,0.875,2,True,-0.9896652063242657,0.0,2785,1437,1563203690496.0,1352,4,gaze,P05,P05-20240425-201444
gaze_interaction_anticipation_5,hard_evict,1_3,1,3,0.44125761874598635,-0.6669199940517809,0.75,0.32274521227248476,0.75,2,True,-0.9896652063242657,0.0,2785,1433,1560076722176.0,1352,0,gaze,P05,P05-20240425-201444
gaze_interaction_anticipation_5,handoff_mean,2_3,2,3,0.3902608166641116,-1.326879679731336,-0.5,-0.33721447340707034,-0.5,4,False,-0.9896652063242657,0.0,2785,1437,1563203690496.0,1352,4,gaze,P05,P05-20240425-201444
gaze_interaction_anticipation_5,hard_evict,2_3,2,3,0.3902608166641116,-1.3080675424899777,-0.375,-0.318402336165712,-0.375,4,False,-0.9896652063242657,0.0,2785,1433,1560076722176.0,1352,0,gaze,P05,P05-20240425-201444
gaze_interaction_anticipation_926,handoff_mean,0_1,0,1,0.6260326039513175,-3.8599773033032836,-3.625,0.5193222446709669,0.625,0,False,-4.3792995479742505,-4.25,2788,1440,1567711789056.0,1352,4,gaze,P01,P01-20240203-130505
gaze_interaction_anticipation_926,hard_evict,0_1,0,1,0.6260326039513175,-3.960057782177541,-3.75,0.4192417657967096,0.5,0,False,-4.3792995479742505,-4.25,2788,1436,1564578283520.0,1352,0,gaze,P01,P01-20240203-130505
gaze_interaction_anticipation_926,handoff_mean,0_2,0,2,0.5832495545379339,-4.674834955273206,-4.375,-0.29553540729895555,-0.125,0,False,-4.3792995479742505,-4.25,2788,1440,1567711789056.0,1352,4,gaze,P01,P01-20240203-130505
gaze_interaction_anticipation_926,hard_evict,0_2,0,2,0.5832495545379339,-4.674815611152671,-4.375,-0.29551606317842083,-0.125,0,False,-4.3792995479742505,-4.25,2788,1436,1564578283520.0,1352,0,gaze,P01,P01-20240203-130505
gaze_interaction_anticipation_926,handoff_mean,0_3,0,3,0.6063306046888932,-5.656329556563407,-5.5,-1.2770300085891568,-1.25,0,False,-4.3792995479742505,-4.25,2788,1440,1567711789056.0,1352,4,gaze,P01,P01-20240203-130505
gaze_interaction_anticipation_926,hard_evict,0_3,0,3,0.6063306046888932,-5.53681828435259,-5.375,-1.1575187363783392,-1.125,0,False,-4.3792995479742505,-4.25,2788,1436,1564578283520.0,1352,0,gaze,P01,P01-20240203-130505
gaze_interaction_anticipation_926,handoff_mean,1_2,1,2,0.3936693953035186,-3.6552623372270365,-3.5,0.7240372107472139,0.75,0,False,-4.3792995479742505,-4.25,2788,1440,1567711789056.0,1352,4,gaze,P01,P01-20240203-130505
gaze_interaction_anticipation_926,hard_evict,1_2,1,2,0.3936693953035186,-3.641517019835873,-3.5,0.7377825281383776,0.75,0,False,-4.3792995479742505,-4.25,2788,1436,1564578283520.0,1352,0,gaze,P01,P01-20240203-130505
gaze_interaction_anticipation_926,handoff_mean,1_3,1,3,0.4167504454544778,-4.201560418933341,-4.125,0.17773912904090938,0.125,0,False,-4.3792995479742505,-4.25,2788,1440,1567711789056.0,1352,4,gaze,P01,P01-20240203-130505
gaze_interaction_anticipation_926,hard_evict,1_3,1,3,0.4167504454544778,-4.197317758508174,-4.125,0.1819817894660769,0.125,0,False,-4.3792995479742505,-4.25,2788,1436,1564578283520.0,1352,0,gaze,P01,P01-20240203-130505
gaze_interaction_anticipation_926,handoff_mean,2_3,2,3,0.37396739604109414,-5.94715017129762,-5.875,-1.5678506233233698,-1.625,0,False,-4.3792995479742505,-4.25,2788,1440,1567711789056.0,1352,4,gaze,P01,P01-20240203-130505
gaze_interaction_anticipation_926,hard_evict,2_3,2,3,0.37396739604109414,-5.947006055198786,-5.875,-1.5677065072245355,-1.625,0,False,-4.3792995479742505,-4.25,2788,1436,1564578283520.0,1352,0,gaze,P01,P01-20240203-130505
ingredient_ingredient_adding_localization_23,handoff_mean,0_1,0,1,0.6253408560758072,-1.6989727133805002,-0.5,0.1684156777502548,0.5,2,False,-1.867388391130755,-1.0,2844,1496,1653189214208.0,1352,4,ingredient,P08,P08-20240622-141902
ingredient_ingredient_adding_localization_23,hard_evict,0_1,0,1,0.6253408560758072,-1.6249154739016658,-0.375,0.24247291722908915,0.625,2,False,-1.867388391130755,-1.0,2844,1492,1649933680640.0,1352,0,ingredient,P08,P08-20240622-141902
ingredient_ingredient_adding_localization_23,handoff_mean,0_2,0,2,0.6974877865255756,-1.719399379573531,-0.75,0.147989011557224,0.25,2,False,-1.867388391130755,-1.0,2844,1496,1653189214208.0,1352,4,ingredient,P08,P08-20240622-141902
ingredient_ingredient_adding_localization_23,hard_evict,0_2,0,2,0.6974877865255756,-1.7320253284654386,-0.75,0.1353630626653164,0.25,2,False,-1.867388391130755,-1.0,2844,1492,1649933680640.0,1352,0,ingredient,P08,P08-20240622-141902
ingredient_ingredient_adding_localization_23,handoff_mean,0_3,0,3,0.6399391816207283,-1.696262499453577,-0.625,0.17112589167717784,0.375,2,False,-1.867388391130755,-1.0,2844,1496,1653189214208.0,1352,4,ingredient,P08,P08-20240622-141902
ingredient_ingredient_adding_localization_23,hard_evict,0_3,0,3,0.6399391816207283,-1.6770376492986339,-0.625,0.19035074183212108,0.375,2,False,-1.867388391130755,-1.0,2844,1492,1649933680640.0,1352,0,ingredient,P08,P08-20240622-141902
ingredient_ingredient_adding_localization_23,handoff_mean,1_2,1,2,0.3600608183729896,-1.5360544383103991,-0.5,0.3313339528203558,0.5,2,False,-1.867388391130755,-1.0,2844,1496,1653189214208.0,1352,4,ingredient,P08,P08-20240622-141902
ingredient_ingredient_adding_localization_23,hard_evict,1_2,1,2,0.3600608183729896,-1.5479468641195604,-0.5,0.31944152701119455,0.5,2,False,-1.867388391130755,-1.0,2844,1492,1649933680640.0,1352,0,ingredient,P08,P08-20240622-141902
ingredient_ingredient_adding_localization_23,handoff_mean,1_3,1,3,0.30251221346814217,-1.6796128505248187,-0.5,0.18777554060593626,0.5,2,False,-1.867388391130755,-1.0,2844,1496,1653189214208.0,1352,4,ingredient,P08,P08-20240622-141902
ingredient_ingredient_adding_localization_23,hard_evict,1_3,1,3,0.30251221346814217,-1.7074114223685561,-0.5,0.1599769687621988,0.5,2,False,-1.867388391130755,-1.0,2844,1492,1649933680640.0,1352,0,ingredient,P08,P08-20240622-141902
ingredient_ingredient_adding_localization_23,handoff_mean,2_3,2,3,0.37465914391791055,-1.7760907616361683,-0.75,0.09129762949458664,0.25,2,False,-1.867388391130755,-1.0,2844,1496,1653189214208.0,1352,4,ingredient,P08,P08-20240622-141902
ingredient_ingredient_adding_localization_23,hard_evict,2_3,2,3,0.37465914391791055,-1.776200100648768,-0.75,0.09118829048198696,0.25,2,False,-1.867388391130755,-1.0,2844,1492,1649933680640.0,1352,0,ingredient,P08,P08-20240622-141902
ingredient_ingredient_adding_localization_91,handoff_mean,0_1,0,1,0.6928245414807677,-2.700426784087254,-1.875,0.46872893409974914,0.875,3,False,-3.169155718187003,-2.75,2843,1495,1651640754176.0,1352,4,ingredient,P08,P08-20240617-184909
ingredient_ingredient_adding_localization_91,hard_evict,0_1,0,1,0.6928245414807677,-2.8094733836797836,-2.0,0.35968233450721954,0.75,3,False,-3.169155718187003,-2.75,2843,1491,1648387399680.0,1352,0,ingredient,P08,P08-20240617-184909
ingredient_ingredient_adding_localization_91,handoff_mean,0_2,0,2,0.5476779959789468,-3.273495164342175,-2.625,-0.10433944615517188,0.125,3,False,-3.169155718187003,-2.75,2843,1495,1651640754176.0,1352,4,ingredient,P08,P08-20240617-184909
ingredient_ingredient_adding_localization_91,hard_evict,0_2,0,2,0.5476779959789468,-3.1535109421312084,-2.5,0.01564477605579473,0.25,3,False,-3.169155718187003,-2.75,2843,1491,1648387399680.0,1352,0,ingredient,P08,P08-20240617-184909
ingredient_ingredient_adding_localization_91,handoff_mean,0_3,0,3,0.5297591017304464,-3.0061545242835215,-2.25,0.16300119390348167,0.5,3,False,-3.169155718187003,-2.75,2843,1495,1651640754176.0,1352,4,ingredient,P08,P08-20240617-184909
ingredient_ingredient_adding_localization_91,hard_evict,0_3,0,3,0.5297591017304464,-3.104671515484698,-2.375,0.06448420270230493,0.375,3,False,-3.169155718187003,-2.75,2843,1491,1648387399680.0,1352,0,ingredient,P08,P08-20240617-184909
ingredient_ingredient_adding_localization_91,handoff_mean,1_2,1,2,0.4702408982645601,-3.23191400209026,-2.625,-0.062758283903257,0.125,3,False,-3.169155718187003,-2.75,2843,1495,1651640754176.0,1352,4,ingredient,P08,P08-20240617-184909
ingredient_ingredient_adding_localization_91,hard_evict,1_2,1,2,0.4702408982645601,-3.231901630737104,-2.625,-0.06274591255010087,0.125,3,False,-3.169155718187003,-2.75,2843,1491,1648387399680.0,1352,0,ingredient,P08,P08-20240617-184909
ingredient_ingredient_adding_localization_91,handoff_mean,1_3,1,3,0.4523220040160596,-2.775866287617511,-2.125,0.3932894305694923,0.625,3,False,-3.169155718187003,-2.75,2843,1495,1651640754176.0,1352,4,ingredient,P08,P08-20240617-184909
ingredient_ingredient_adding_localization_91,hard_evict,1_3,1,3,0.4523220040160596,-2.7758025174445606,-2.125,0.3933532007424425,0.625,3,False,-3.169155718187003,-2.75,2843,1491,1648387399680.0,1352,0,ingredient,P08,P08-20240617-184909
ingredient_ingredient_adding_localization_91,handoff_mean,2_3,2,3,0.3071754585142389,-3.2055879686370417,-2.625,-0.036432250450038506,0.125,3,False,-3.169155718187003,-2.75,2843,1495,1651640754176.0,1352,4,ingredient,P08,P08-20240617-184909
ingredient_ingredient_adding_localization_91,hard_evict,2_3,2,3,0.3071754585142389,-3.179685619557599,-2.625,-0.010529901370595951,0.125,3,False,-3.169155718187003,-2.75,2843,1491,1648387399680.0,1352,0,ingredient,P08,P08-20240617-184909
ingredient_ingredient_weight_5,handoff_mean,0_1,0,1,0.5234806012228219,-2.3080852342417444,-1.875,-0.4384126913829287,-0.625,1,False,-1.8696725428588157,-1.25,2798,1450,1582790967296.0,1352,4,ingredient,P08,P08-20240618-163547
ingredient_ingredient_weight_5,hard_evict,0_1,0,1,0.5234806012228219,-2.308115670670964,-1.875,-0.43844312781214834,-0.625,1,False,-1.8696725428588157,-1.25,2798,1446,1579635671040.0,1352,0,ingredient,P08,P08-20240618-163547
ingredient_ingredient_weight_5,handoff_mean,0_2,0,2,0.431370918847073,-2.4784667549304915,-1.375,-0.6087942120716758,-0.125,1,False,-1.8696725428588157,-1.25,2798,1450,1582790967296.0,1352,4,ingredient,P08,P08-20240618-163547
ingredient_ingredient_weight_5,hard_evict,0_2,0,2,0.431370918847073,-2.397167883290493,-1.25,-0.5274953404316771,0.0,1,False,-1.8696725428588157,-1.25,2798,1446,1579635671040.0,1352,0,ingredient,P08,P08-20240618-163547
ingredient_ingredient_weight_5,handoff_mean,0_3,0,3,0.5492530566094123,-3.0868890556727995,-2.0,-1.2172165128139838,-0.75,4,False,-1.8696725428588157,-1.25,2798,1450,1582790967296.0,1352,4,ingredient,P08,P08-20240618-163547
ingredient_ingredient_weight_5,hard_evict,0_3,0,3,0.5492530566094123,-3.086926722034212,-2.0,-1.2172541791753964,-0.75,4,False,-1.8696725428588157,-1.25,2798,1446,1579635671040.0,1352,0,ingredient,P08,P08-20240618-163547
ingredient_ingredient_weight_5,handoff_mean,1_2,1,2,0.45074694338584353,-1.797782305929469,-1.25,0.0718902369293466,0.0,1,False,-1.8696725428588157,-1.25,2798,1450,1582790967296.0,1352,4,ingredient,P08,P08-20240618-163547
ingredient_ingredient_weight_5,hard_evict,1_2,1,2,0.45074694338584353,-1.8041578836980032,-1.25,0.06551465916081245,0.0,1,False,-1.8696725428588157,-1.25,2798,1446,1579635671040.0,1352,0,ingredient,P08,P08-20240618-163547
ingredient_ingredient_weight_5,handoff_mean,1_3,1,3,0.5686290811481829,-2.2795672760364543,-1.75,-0.4098947331776386,-0.5,1,False,-1.8696725428588157,-1.25,2798,1450,1582790967296.0,1352,4,ingredient,P08,P08-20240618-163547
ingredient_ingredient_weight_5,hard_evict,1_3,1,3,0.5686290811481829,-2.24858490179231,-1.75,-0.3789123589334942,-0.5,1,False,-1.8696725428588157,-1.25,2798,1446,1579635671040.0,1352,0,ingredient,P08,P08-20240618-163547
ingredient_ingredient_weight_5,handoff_mean,2_3,2,3,0.476519398772434,-3.401138555244739,-2.375,-1.5314660123859234,-1.125,1,False,-1.8696725428588157,-1.25,2798,1450,1582790967296.0,1352,4,ingredient,P08,P08-20240618-163547
ingredient_ingredient_weight_5,hard_evict,2_3,2,3,0.476519398772434,-3.3809873791811538,-2.375,-1.511314836322338,-1.125,1,False,-1.8696725428588157,-1.25,2798,1446,1579635671040.0,1352,0,ingredient,P08,P08-20240618-163547
object_motion_object_movement_itinerary_286,handoff_mean,0_1,0,1,0.5211472397499287,-1.8139386962022495,-1.25,0.29119077672498284,0.25,4,False,-2.1051294729272323,-1.5,2884,1536,1715785924608.0,1352,4,object_motion,P04,P04-20240414-064514
object_motion_object_movement_itinerary_286,hard_evict,0_1,0,1,0.5211472397499287,-1.9177659982301576,-1.375,0.1873634746970747,0.125,4,False,-2.1051294729272323,-1.5,2884,1532,1712443228160.0,1352,0,object_motion,P04,P04-20240414-064514
object_motion_object_movement_itinerary_286,handoff_mean,0_2,0,2,0.577112609559665,-1.6796752060279794,-1.0,0.4254542668992529,0.5,4,False,-2.1051294729272323,-1.5,2884,1536,1715785924608.0,1352,4,object_motion,P04,P04-20240414-064514
object_motion_object_movement_itinerary_286,hard_evict,0_2,0,2,0.577112609559665,-1.6819289631115257,-1.0,0.42320050981570656,0.5,4,False,-2.1051294729272323,-1.5,2884,1532,1712443228160.0,1352,0,object_motion,P04,P04-20240414-064514
object_motion_object_movement_itinerary_286,handoff_mean,0_3,0,3,0.5390967498272099,-1.9153166493130125,-1.25,0.1898128236142198,0.25,4,False,-2.1051294729272323,-1.5,2884,1536,1715785924608.0,1352,4,object_motion,P04,P04-20240414-064514
object_motion_object_movement_itinerary_286,hard_evict,0_3,0,3,0.5390967498272099,-1.9153148298156295,-1.25,0.1898146431116028,0.25,4,False,-2.1051294729272323,-1.5,2884,1532,1712443228160.0,1352,0,object_motion,P04,P04-20240414-064514
object_motion_object_movement_itinerary_286,handoff_mean,1_2,1,2,0.46090325016627676,-1.7718801589115896,-1.125,0.33324931401564273,0.375,4,False,-2.1051294729272323,-1.5,2884,1536,1715785924608.0,1352,4,object_motion,P04,P04-20240414-064514
object_motion_object_movement_itinerary_286,hard_evict,1_2,1,2,0.46090325016627676,-1.811886932974247,-1.125,0.2932425399529852,0.375,4,False,-2.1051294729272323,-1.5,2884,1532,1712443228160.0,1352,0,object_motion,P04,P04-20240414-064514
object_motion_object_movement_itinerary_286,handoff_mean,1_3,1,3,0.4228873904338216,-1.795107642140366,-1.125,0.3100218307868663,0.375,4,False,-2.1051294729272323,-1.5,2884,1536,1715785924608.0,1352,4,object_motion,P04,P04-20240414-064514
object_motion_object_movement_itinerary_286,hard_evict,1_3,1,3,0.4228873904338216,-1.8736612185481858,-1.25,0.2314682543790465,0.25,4,False,-2.1051294729272323,-1.5,2884,1532,1712443228160.0,1352,0,object_motion,P04,P04-20240414-064514
object_motion_object_movement_itinerary_286,handoff_mean,2_3,2,3,0.47885276024355783,-2.052581320150111,-1.5,0.05254815277712144,0.0,4,False,-2.1051294729272323,-1.5,2884,1536,1715785924608.0,1352,4,object_motion,P04,P04-20240414-064514
object_motion_object_movement_itinerary_286,hard_evict,2_3,2,3,0.47885276024355783,-2.139737450613389,-1.625,-0.034607977686156755,-0.125,4,False,-2.1051294729272323,-1.5,2884,1532,1712443228160.0,1352,0,object_motion,P04,P04-20240414-064514
object_motion_object_movement_itinerary_433,handoff_mean,0_1,0,1,0.5917952144435088,-1.9990229676476021,-1.125,0.1713819511773531,0.25,4,False,-2.1704049188249552,-1.375,2895,1547,1733225209856.0,1352,4,object_motion,P04,P04-20240414-172534
object_motion_object_movement_itinerary_433,hard_evict,0_1,0,1,0.5917952144435088,-2.0221788966709684,-1.125,0.14822602215398684,0.25,4,False,-2.1704049188249552,-1.375,2895,1543,1729858543616.0,1352,0,object_motion,P04,P04-20240414-172534
object_motion_object_movement_itinerary_433,handoff_mean,0_2,0,2,0.5602595868896725,-2.4440522272419547,-1.625,-0.27364730841699947,-0.25,4,False,-2.1704049188249552,-1.375,2895,1547,1733225209856.0,1352,4,object_motion,P04,P04-20240414-172534
object_motion_object_movement_itinerary_433,hard_evict,0_2,0,2,0.5602595868896725,-2.4439503882845965,-1.625,-0.2735454694596413,-0.25,4,False,-2.1704049188249552,-1.375,2895,1543,1729858543616.0,1352,0,object_motion,P04,P04-20240414-172534
object_motion_object_movement_itinerary_433,handoff_mean,0_3,0,3,0.48516820631398183,-1.8930531884899728,-0.875,0.2773517303349824,0.5,4,False,-2.1704049188249552,-1.375,2895,1547,1733225209856.0,1352,4,object_motion,P04,P04-20240414-172534
object_motion_object_movement_itinerary_433,hard_evict,0_3,0,3,0.48516820631398183,-1.8929558575423036,-0.875,0.2774490612826517,0.5,4,False,-2.1704049188249552,-1.375,2895,1543,1729858543616.0,1352,0,object_motion,P04,P04-20240414-172534
object_motion_object_movement_itinerary_433,handoff_mean,1_2,1,2,0.514831793678947,-2.151050943771608,-1.25,0.019353975053347128,0.125,4,False,-2.1704049188249552,-1.375,2895,1547,1733225209856.0,1352,4,object_motion,P04,P04-20240414-172534
object_motion_object_movement_itinerary_433,hard_evict,1_2,1,2,0.514831793678947,-2.315723209673591,-1.5,-0.1453182908486359,-0.125,4,False,-2.1704049188249552,-1.375,2895,1543,1729858543616.0,1352,0,object_motion,P04,P04-20240414-172534
object_motion_object_movement_itinerary_433,handoff_mean,1_3,1,3,0.4397404131032564,-1.8320236662917502,-0.875,0.33838125253320506,0.5,4,False,-2.1704049188249552,-1.375,2895,1547,1733225209856.0,1352,4,object_motion,P04,P04-20240414-172534
object_motion_object_movement_itinerary_433,hard_evict,1_3,1,3,0.4397404131032564,-1.8189425826216237,-0.875,0.35146233620333156,0.5,4,False,-2.1704049188249552,-1.375,2895,1543,1729858543616.0,1352,0,object_motion,P04,P04-20240414-172534
object_motion_object_movement_itinerary_433,handoff_mean,2_3,2,3,0.4082047855494201,-2.0135194766640736,-1.125,0.15688544216088163,0.25,4,False,-2.1704049188249552,-1.375,2895,1547,1733225209856.0,1352,4,object_motion,P04,P04-20240414-172534
object_motion_object_movement_itinerary_433,hard_evict,2_3,2,3,0.4082047855494201,-2.12278880843412,-1.25,0.04761611039083524,0.125,4,False,-2.1704049188249552,-1.375,2895,1543,1729858543616.0,1352,0,object_motion,P04,P04-20240414-172534
object_motion_object_movement_itinerary_61,handoff_mean,0_1,0,1,0.5131698864403016,-2.9151612128575355,-2.625,0.5516238033281469,0.625,4,False,-3.4667850161856824,-3.25,2912,1564,1760367902720.0,1352,4,object_motion,P03,P03-20240216-084005
object_motion_object_movement_itinerary_61,hard_evict,0_1,0,1,0.5131698864403016,-3.0336940149787615,-2.75,0.4330910012069209,0.5,4,False,-3.4667850161856824,-3.25,2912,1560,1756964192256.0,1352,0,object_motion,P03,P03-20240216-084005
object_motion_object_movement_itinerary_61,handoff_mean,0_2,0,2,0.5463661284879457,-2.6277993884751187,-1.875,0.8389856277105636,1.375,4,False,-3.4667850161856824,-3.25,2912,1564,1760367902720.0,1352,4,object_motion,P03,P03-20240216-084005
object_motion_object_movement_itinerary_61,hard_evict,0_2,0,2,0.5463661284879457,-2.627825538347075,-1.875,0.8389594778386074,1.375,4,False,-3.4667850161856824,-3.25,2912,1560,1756964192256.0,1352,0,object_motion,P03,P03-20240216-084005
object_motion_object_movement_itinerary_61,handoff_mean,0_3,0,3,0.533144042622134,-2.3055606999130855,-1.625,1.1612243162725968,1.625,4,False,-3.4667850161856824,-3.25,2912,1564,1760367902720.0,1352,4,object_motion,P03,P03-20240216-084005
object_motion_object_movement_itinerary_61,hard_evict,0_3,0,3,0.533144042622134,-2.3487018199327188,-1.625,1.1180831962529636,1.625,4,False,-3.4667850161856824,-3.25,2912,1560,1756964192256.0,1352,0,object_motion,P03,P03-20240216-084005
object_motion_object_movement_itinerary_61,handoff_mean,1_2,1,2,0.4668559573711384,-3.595758711870534,-3.375,-0.12897369568485173,-0.125,4,False,-3.4667850161856824,-3.25,2912,1564,1760367902720.0,1352,4,object_motion,P03,P03-20240216-084005
object_motion_object_movement_itinerary_61,hard_evict,1_2,1,2,0.4668559573711384,-3.480438630822739,-3.25,-0.0136536146370565,0.0,4,False,-3.4667850161856824,-3.25,2912,1560,1756964192256.0,1352,0,object_motion,P03,P03-20240216-084005
object_motion_object_movement_itinerary_61,handoff_mean,1_3,1,3,0.4536338715053265,-3.23173178143826,-3.0,0.23505323474742257,0.25,4,False,-3.4667850161856824,-3.25,2912,1564,1760367902720.0,1352,4,object_motion,P03,P03-20240216-084005
object_motion_object_movement_itinerary_61,hard_evict,1_3,1,3,0.4536338715053265,-3.116591133648932,-2.875,0.3501938825367503,0.375,4,False,-3.4667850161856824,-3.25,2912,1560,1756964192256.0,1352,0,object_motion,P03,P03-20240216-084005
object_motion_object_movement_itinerary_61,handoff_mean,2_3,2,3,0.4868301135529707,-2.181728724011181,-1.5,1.2850562921745015,1.75,4,False,-3.4667850161856824,-3.25,2912,1564,1760367902720.0,1352,4,object_motion,P03,P03-20240216-084005
object_motion_object_movement_itinerary_61,hard_evict,2_3,2,3,0.4868301135529707,-2.1204532206176814,-1.375,1.346331795568001,1.875,4,False,-3.4667850161856824,-3.25,2912,1560,1756964192256.0,1352,0,object_motion,P03,P03-20240216-084005
